<annotation>
	<folder />
	<filename>train_image_121.jpg</filename>
	<path>train_image_121.jpg</path>
	<source>
		<database>roboflow.com</database>
	</source>
	<size>
		<width>640</width>
		<height>640</height>
		<depth>3</depth>
	</size>
	<segmented>0</segmented>
	<object>
		<name>struk_belanja</name>
		<pose>Unspecified</pose>
		<truncated>0</truncated>
		<difficult>0</difficult>
		<occluded>0</occluded>
		<bndbox>
			<xmin>1</xmin>
			<xmax>594</xmax>
			<ymin>73</ymin>
			<ymax>586</ymax>
		</bndbox>
	</object>
	</annotation>