<annotation>
	<folder />
	<filename>train_image_130.jpg</filename>
	<path>train_image_130.jpg</path>
	<source>
		<database>roboflow.com</database>
	</source>
	<size>
		<width>640</width>
		<height>640</height>
		<depth>3</depth>
	</size>
	<segmented>0</segmented>
	<object>
		<name>struk_belanja</name>
		<pose>Unspecified</pose>
		<truncated>0</truncated>
		<difficult>0</difficult>
		<occluded>0</occluded>
		<bndbox>
			<xmin>194</xmin>
			<xmax>423</xmax>
			<ymin>116</ymin>
			<ymax>390</ymax>
		</bndbox>
	</object>
	<object>
		<name>struk_belanja</name>
		<pose>Unspecified</pose>
		<truncated>0</truncated>
		<difficult>0</difficult>
		<occluded>0</occluded>
		<bndbox>
			<xmin>312</xmin>
			<xmax>402</xmax>
			<ymin>251</ymin>
			<ymax>263</ymax>
		</bndbox>
	</object>
</annotation>